plot,transect,subplot,code,cov
UFR04,0,1,QUEGAM,8
UFR04,0,1,LITT,100
UFR04,0,1,CAREX,3
UFR04,0,1,MAHREP,1
UFR04,0,2,GALAPA,2
UFR04,0,2,QUEGAM,5
UFR04,0,2,LITT,100
UFR04,0,3,THEMON,2
UFR04,0,3,QUEGAM,10
UFR04,0,3,LITT,100
UFR04,0,3,CAREX,1
UFR04,120,1,CAREX,3
UFR04,120,1,QUEGAM,5
UFR04,120,1,LITT,100
UFR04,120,2,THEMON,5
UFR04,120,2,CAREX,2
UFR04,120,2,QUEGAM,10
UFR04,120,2,LITT,100
UFR04,120,3,THEMON,6
UFR04,120,3,CAREX,5
UFR04,120,3,QUEGAM,3
UFR04,120,3,LITT,100
UFR04,240,1,QUEGAM,5
UFR04,240,1,SENINT,3
UFR04,240,1,POACOM,5
UFR04,240,1,LITT,100
UFR04,240,2,POACOM,30
UFR04,240,2,QUEGAM,5
UFR04,240,2,LITT,100
UFR04,240,3,POACOM,35
UFR04,240,3,QUEGAM,15
UFR04,240,3,LITT,100
MC04,0,1,ERICAN,10
MC04,0,1,LACCER,2
MC04,0,1,LITT,5
MC04,0,1,SOIL,95
MC04,0,2,ERICAN,25
MC04,0,2,BROTEC,2
MC04,0,2,ROCK,5
MC04,0,2,SOIL,95
MC04,0,3,HESCOM,10
MC04,0,3,SENINT,1
MC04,0,3,TAROFF,1
MC04,0,3,PENVIR,8
MC04,0,3,COLPAR,1
MC04,0,3,UNKG1,50
MC04,0,3,BOESTR,1
MC04,0,3,BROTEC,5
MC04,120,1,ERICAN,15
MC04,120,1,BROTEC,5
MC04,120,1,COLPAR,1
MC04,120,1,TAROFF,5
MC04,120,1,CIRARV,1
MC04,120,1,LITT,60
MC04,120,1,SOIL,40
MC04,120,2,ERICAN,50
MC04,120,2,BROTEC,1
MC04,120,2,LITT,20
MC04,120,2,SOIL,80
MC04,120,3,ERICAN,25
MC04,120,3,CLAPAR,15
MC04,120,3,SOIL,80
MC04,120,3,LITT,10
MC04,240,1,CAREX,8
MC04,240,1,PENVIR,5
MC04,240,1,SENINT,3
MC04,240,1,LITT,50
MC04,240,1,SOIL,50
MC04,240,2,BROTEC,5
MC04,240,2,CAREX,8
MC04,240,2,LACCER,5
MC04,240,2,COLPAR,4
MC04,240,2,SENINT,2
MC04,240,2,LITT,60
MC04,240,2,SOIL,40
MC04,240,3,ERICAN,5
MC04,240,3,LACCER,30
MC04,240,3,BROTEC,5
MC04,240,3,SOIL,90
HC02,0,1,ACHMIL,10
HC02,0,1,TRIAES,20
HC02,0,1,SOIL,80
HC02,0,2,HETVIL,20
HC02,0,2,SOIL,90
HC02,0,3,LITT,5
HC02,0,3,SOIL,90
HC02,0,3,ROCK,10
HC02,120,1,ACHMIL,75
HC02,120,1,TRIAES,5
HC02,120,1,HETVIL,1
HC02,120,1,COLPAR,1
HC02,120,1,CEAFEN,1
HC02,120,1,SOIL,20
HC02,120,2,LACCER,1
HC02,120,2,SOIL,95
HC02,120,2,LITT,5
HC02,120,3,ACHMIL,15
HC02,120,3,TRIAES,15
HC02,120,3,HETVIL,8
HC02,120,3,CEAFEN,2
HC02,120,3,BOESTR,1
HC02,120,3,SOIL,70
HC02,240,1,ACHMIL,40
HC02,240,1,TRIAES,10
HC02,240,1,COLPAR,1
HC02,240,1,LITT,2
HC02,240,1,SOIL,50
HC02,240,2,ACHMIL,12
HC02,240,2,TRIAES,7
HC02,240,2,COLPAR,1
HC02,240,2,HETVIL,1
HC02,240,2,DRAPAR,1
HC02,240,2,SOIL,70
HC02,240,2,LITT,10
HC02,240,3,ACHMIL,30
HC02,240,3,TRIAES,15
HC02,240,3,CEAFEN,1
HC02,240,3,COLPAR,1
HC02,240,3,SOIL,60
MFR06,0,1,QUEGAM,90
MFR06,0,1,ALYSIM,2
MFR06,0,1,MAHREP,10
MFR06,0,1,CAREX,1
MFR06,0,1,LITT,90
MFR06,0,2,QUEGAM,25
MFR06,0,2,MAHREP,10
MFR06,0,2,ALYSIM,5
MFR06,0,2,CAREX,5
MFR06,0,2,LITT,100
MFR06,0,2,LUPARG,2
MFR06,0,3,QUEGAM,80
MFR06,0,3,CAREX,30
MFR06,0,3,ALYSIM,2
MFR06,0,3,LITT,100
MFR06,120,1,QUEGAM,5
MFR06,120,1,BROTEC,10
MFR06,120,1,ALYSIM,5
MFR06,120,1,CAREX,3
MFR06,120,1,LITT,100
MFR06,120,2,QUEGAM,25
MFR06,120,2,BROTEC,8
MFR06,120,2,ALYSIM,10
MFR06,120,2,CIRARV,5
MFR06,120,2,SOIL,40
MFR06,120,2,LITT,60
MFR06,120,3,LACCER,2
MFR06,120,3,ALYSIM,10
MFR06,120,3,BROTEC,2
MFR06,120,3,CIRARV,1
MFR06,120,3,SOIL,95
MFR06,120,3,LITT,5
MFR06,240,1,ALYSIM,30
MFR06,240,1,BROTEC,5
MFR06,240,1,CAREX,5
MFR06,240,1,LITT,90
MFR06,240,1,SOIL,5
MFR06,240,2,QUEGAM,30
MFR06,240,2,CERMON,20
MFR06,240,2,ALYSIM,2
MFR06,240,2,CAREX,5
MFR06,240,2,LITT,100
MFR06,240,3,QUEGAM,50
MFR06,240,3,CAREX,40
MFR06,240,3,LUPARG,5
MFR06,240,3,ALYSIM,5
MFR06,240,3,LITT,95
LFR02,0,1,PHAHET,25
LFR02,0,1,QUEGAM,40
LFR02,0,1,ALYSIM,2
LFR02,0,1,LITT,40
LFR02,0,1,SOIL,30
LFR02,0,2,PHAHET,40
LFR02,0,2,QUEGAM,5
LFR02,0,2,ALYSIM,1
LFR02,0,2,LITT,50
LFR02,0,2,SOIL,50
LFR02,0,2,BROTEC,1
LFR02,0,3,QUEGAM,5
LFR02,0,3,ALYSIM,2
LFR02,0,3,SOIL,98
LFR02,0,3,LITT,2
LFR02,120,1,MAHREP,20
LFR02,120,1,CAREX,1
LFR02,120,1,LITT,25
LFR02,120,1,SOIL,75
LFR02,120,2,MAHREP,25
LFR02,120,2,ALYSIM,1
LFR02,120,2,LITT,30
LFR02,120,2,SOIL,70
LFR02,120,3,QUEGAM,75
LFR02,120,3,LINDAL,2
LFR02,120,3,MAHREP,15
LFR02,120,3,LITT,95
LFR02,240,1,MAHREP,30
LFR02,240,1,QUEGAM,25
LFR02,240,1,ALYSIM,1
LFR02,240,1,LITT,75
LFR02,240,1,SOIL,25
LFR02,240,2,QUEGAM,40
LFR02,240,2,MAHREP,40
LFR02,240,2,ALYSIM,3
LFR02,240,2,LITT,90
LFR02,240,2,SOIL,5
LFR02,240,3,QUEGAM,90
LFR02,240,3,MAHREP,8
LFR02,240,3,ALYSIM,1
LFR02,240,3,LITT,10
LFR02,240,3,SOIL,60
MC01,0,1,HYPPER,15
MC01,0,1,ALYSIM,5
MC01,0,1,BROTEC,2
MC01,0,1,MAHREP,1
MC01,0,1,ROCK,75
MC01,0,1,LITT,25
MC01,0,1,CERMON,3
MC01,0,1,TRAOCC,1
MC01,0,2,LINDAL,25
MC01,0,2,ALYSIM,5
MC01,0,2,LITT,95
MC01,0,2,SOIL,5
MC01,0,3,QUEGAM,100
MC01,0,3,LITT,100
MC01,0,3,TAROFF,5
MC01,120,1,QUEGAM,75
MC01,120,1,ALYSIM,5
MC01,120,1,SOIL,95
MC01,120,1,LITT,5
MC01,120,2,ALYSIM,60
MC01,120,2,BROTEC,1
MC01,120,2,SOIL,40
MC01,120,2,LITT,60
MC01,120,3,ALYSIM,40
MC01,120,3,BROTEC,1
MC01,120,3,CARNUT,3
MC01,120,3,LITT,20
MC01,120,3,SOIL,80
MC01,240,1,TRAOCC,5
MC01,240,1,ALYSIM,8
MC01,240,1,BROTEC,1
MC01,240,1,LITT,50
MC01,240,1,SOIL,50
MC01,240,2,ALYSIM,30
MC01,240,2,LITT,50
MC01,240,2,SOIL,50
MC01,240,3,VERTHA,45
MC01,240,3,BROTEC,1
MC01,240,3,ALYSIM,10
MC01,240,3,ROCK,50
MC01,240,3,SOIL,10
MFR07,0,1,LINDAL,20
MFR07,0,1,ALYSIM,15
MFR07,0,1,LITT,80
MFR07,0,1,SOIL,20
MFR07,0,2,LINDAL,5
MFR07,0,2,ALYSIM,25
MFR07,0,2,LITT,10
MFR07,0,2,SOIL,90
MFR07,0,3,QUEGAM,30
MFR07,0,3,ALYSIM,10
MFR07,0,3,BROTEC,1
MFR07,0,3,LINDAL,3
MFR07,0,3,LITT,95
MFR07,0,3,SOIL,5
MFR07,120,1,LINDAL,2
MFR07,120,1,BROTEC,2
MFR07,120,1,CAREX,5
MFR07,120,1,ALYSIM,10
MFR07,120,1,ARTLUD,3
MFR07,120,1,LITT,95
MFR07,120,1,SOIL,5
MFR07,120,1,TRAOCC,1
MFR07,120,2,CAREX,30
MFR07,120,2,TRAOCC,10
MFR07,120,2,LINDAL,5
MFR07,120,2,ALYSIM,2
MFR07,120,2,BROTEC,2
MFR07,120,2,LITT,95
MFR07,120,2,SOIL,5
MFR07,120,3,ARTLUD,30
MFR07,120,3,BROTEC,5
MFR07,120,3,CAREX,50
MFR07,120,3,OXYDEF,1
MFR07,120,3,QUEGAM,1
MFR07,120,3,ALYSIM,1
MFR07,120,3,LITT,50
MFR07,240,1,QUEGAM,50
MFR07,240,1,ALYSIM,5
MFR07,240,1,SCUBRI,1
MFR07,240,1,LITT,60
MFR07,240,1,SOIL,40
MFR07,240,2,QUEGAM,50
MFR07,240,2,ARTLUD,25
MFR07,240,2,BROTEC,2
MFR07,240,2,TRAOCC,1
MFR07,240,2,LINDAL,1
MFR07,240,2,ALYSIM,1
MFR07,240,2,LITT,10
MFR07,240,2,SOIL,40
MFR07,240,3,LINDAL,10
MFR07,240,3,ALYSIM,5
MFR07,240,3,DRAAUR,1
MFR07,240,3,CAREX,2
MFR07,240,3,LITT,40
MFR07,240,3,SOIL,60
MC05,0,1,QUEGAM,50
MC05,0,1,ALYSIM,10
MC05,0,1,CARNUT,12
MC05,0,1,BROTEC,2
MC05,0,1,VULOCT,3
MC05,0,1,ROCK,25
MC05,0,1,LITT,75
MC05,0,2,QUEGAM,30
MC05,0,2,BROTEC,5
MC05,0,2,CAREX,8
MC05,0,2,ALYSIM,7
MC05,0,2,SOIL,30
MC05,0,2,LITT,70
MC05,0,3,CARNUT,25
MC05,0,3,QUEGAM,25
MC05,0,3,ALYSIM,5
MC05,0,3,BROTEC,3
MC05,0,3,CAREX,3
MC05,0,3,SOIL,50
MC05,120,1,ALYSIM,50
MC05,120,1,CAREX,5
MC05,120,1,COLLIN,1
MC05,120,1,BROTEC,1
MC05,120,1,DRAAUR,1
MC05,120,1,ROCK,10
MC05,120,1,SOIL,20
MC05,120,1,LITT,70
MC05,120,2,QUEGAM,6
MC05,120,2,BROTEC,6
MC05,120,2,ALYSIM,7
MC05,120,2,LACCER,1
MC05,120,2,LITT,10
MC05,120,2,ROCK,12
MC05,120,2,SOIL,80
MC05,120,3,ALYSIM,25
MC05,120,3,QUEGAM,25
MC05,120,3,BROTEC,1
MC05,120,3,ROCK,50
MC05,120,3,LITT,50
MC05,240,1,ALYSIM,5
MC05,240,1,QUEGAM,1
MC05,240,1,BROTEC,1
MC05,240,1,SOIL,75
MC05,240,1,ROCK,25
MC05,240,2,LINDAL,10
MC05,240,2,ALYSIM,20
MC05,240,2,CARNUT,15
MC05,240,2,BROTEC,1
MC05,240,2,LITT,60
MC05,240,2,SOIL,40
MC05,240,3,QUEGAM,7
MC05,240,3,LINDAL,8
MC05,240,3,ALYSIM,10
MC05,240,3,ROCK,25
MC05,240,3,SOIL,30
MC05,240,3,LITT,25
LC04,0,1,ARTLUD,50
LC04,0,1,ALYSIM,2
LC04,0,1,SOIL,25
LC04,0,1,LITT,75
LC04,0,2,BROTEC,5
LC04,0,2,CAREX,25
LC04,0,2,ALYSIM,1
LC04,0,2,LITT,100
LC04,0,2,CAREX,5
LC04,0,3,LINDAL,8
LC04,0,3,BROTEC,2
LC04,0,3,ALYSIM,10
LC04,0,3,CERMON,1
LC04,0,3,SOIL,30
LC04,0,3,LITT,70
LC04,120,1,ALYSIM,5
LC04,120,1,BROTEC,1
LC04,120,1,LITT,100
LC04,120,2,QUEGAM,100
LC04,120,2,PHAHET,5
LC04,120,2,ALYSIM,2
LC04,120,2,BROTEC,1
LC04,120,2,LITT,100
LC04,120,3,QUEGAM,100
LC04,120,3,LINDAL,5
LC04,120,3,PHAHET,1
LC04,120,3,GALAPA,2
LC04,120,3,LITT,100
LC04,120,3,SCUBRI,2
LC04,240,1,CAREX,5
LC04,240,1,ALYSIM,5
LC04,240,1,CERARV,2
LC04,240,1,ROCK,25
LC04,240,1,SOIL,70
LC04,240,2,CAREX,8
LC04,240,2,ALYSIM,5
LC04,240,2,COLPAR,1
LC04,240,2,ROCK,25
LC04,240,2,LITT,70
LC04,240,3,VERTHA,40
LC04,240,3,LINDAL,3
LC04,240,3,BROTEC,3
LC04,240,3,ALYSIM,2
LC04,240,3,LITT,100
LFR04,0,1,BROTEC,3
LFR04,0,1,LITT,100
LFR04,0,2,QUEGAM,5
LFR04,0,2,FALCON,5
LFR04,0,2,LITT,100
LFR04,0,3,BROTEC,5
LFR04,0,3,QUEGAM,7
LFR04,0,3,LITT,100
LFR04,120,1,BROTEC,50
LFR04,120,1,QUEGAM,60
LFR04,120,1,LITT,100
LFR04,120,2,QUEGAM,100
LFR04,120,2,GALAPA,1
LFR04,120,2,LITT,100
LFR04,120,3,BROTEC,5
LFR04,120,3,LITT,100
LFR04,240,1,LITT,100
LFR04,240,2,GALAPA,30
LFR04,240,2,LITT,100
LFR04,240,3,MAHREP,40
LFR04,240,3,LITT,50
LFR04,240,3,GALAPA,1
LFR04,240,3,ROCK,50
HC01,0,1,QUEGAM,3
HC01,0,1,SOIL,99
HC01,0,1,LITT,1
HC01,0,1,APOAND,15
HC01,0,2,SOIL,99
HC01,0,2,LITT,1
HC01,0,2,APOAND,7
HC01,0,3,ERICAN,8
HC01,0,3,LACCER,1
HC01,0,3,CAREX,2
HC01,0,3,SOIL,90
HC01,120,1,COLPAR,4
HC01,120,1,CAREX,1
HC01,120,1,ERICAN,6
HC01,120,1,SOIL,97
HC01,120,1,LITT,3
HC01,120,2,SOIL,90
HC01,120,2,ROCK,10
HC01,120,3,QUEGAM,40
HC01,120,3,LITT,25
HC01,120,3,SOIL,60
HC01,240,1,COLPAR,1
HC01,240,1,LITT,2
HC01,240,1,SOIL,98
HC01,240,2,LITT,2
HC01,240,2,SOIL,98
HC01,240,3,CAREX,7
HC01,240,3,LITT,2
HC01,240,3,SOIL,95
LC07,0,1,QUEGAM,90
LC07,0,1,MAHREP,10
LC07,0,1,LITT,100
LC07,0,2,MAHREP,25
LC07,0,2,ALYSIM,3
LC07,0,2,CAREX,2
LC07,0,2,NOTCUS,1
LC07,0,2,LITT,100
LC07,0,3,BOUCUR,40
LC07,0,3,ALYSIM,5
LC07,0,3,LITT,100
LC07,120,1,ELYSMI,2
LC07,120,1,BROTEC,2
LC07,120,1,ALYSIM,5
LC07,120,1,SCUBRI,2
LC07,120,1,TAROFF,2
LC07,120,1,LITT,95
LC07,120,1,SOIL,5
LC07,120,1,QUEGAM,3
LC07,120,2,QUEGAM,95
LC07,120,2,ALYSIM,5
LC07,120,2,LITT,100
LC07,120,3,ALYSIM,25
LC07,120,3,BROTEC,1
LC07,120,3,LITT,20
LC07,120,3,SOIL,80
LC07,240,1,CERMON,10
LC07,240,1,ALYSIM,10
LC07,240,1,SCUBRI,2
LC07,240,1,CAREX,2
LC07,240,1,LITT,95
LC07,240,1,SOIL,5
LC07,240,2,CAREX,2
LC07,240,2,SCUBRI,1
LC07,240,2,BROTEC,2
LC07,240,2,ARTFRI,1
LC07,240,2,ALYSIM,2
LC07,240,2,LITT,10
LC07,240,2,SOIL,90
LC07,240,3,QUEGAM,30
LC07,240,3,ALYSIM,25
LC07,240,3,TRAOCC,7
LC07,240,3,CARNUT,6
LC07,240,3,LITT,95
LC07,240,3,SOIL,5
LFR01,0,1,CAREX,1
LFR01,0,1,CAMPET,2
LFR01,0,1,ARNCOR,5
LFR01,0,1,LITT,100
LFR01,0,2,MERCIL,5
LFR01,0,2,CAMPET,7
LFR01,0,2,CAREX,1
LFR01,0,2,LITT,100
LFR01,0,3,MERCIL,1
LFR01,0,3,ARNCOR,2
LFR01,0,3,CAREX,3
LFR01,0,3,LITT,100
LFR01,120,1,MERCIL,8
LFR01,120,1,CAREX,2
LFR01,120,1,BISBIS,8
LFR01,120,1,LACCER,3
LFR01,120,1,LITT,100
LFR01,120,2,ERICAN,25
LFR01,120,2,LACCER,10
LFR01,120,2,LITT,100
LFR01,120,3,ERICAN,5
LFR01,120,3,LACCER,25
LFR01,120,3,CLAPER,20
LFR01,120,3,LITT,80
LFR01,240,1,MERCIL,5
LFR01,240,1,CAREX,3
LFR01,240,1,TAROFF,6
LFR01,240,1,ERICAN,2
LFR01,240,1,COLPAR,1
LFR01,240,1,BISBIS,4
LFR01,240,1,LACCER,2
LFR01,240,1,LITT,100
LFR01,240,2,LACCER,1
LFR01,240,2,LITT,100
LFR01,240,3,MAHREP,30
LFR01,240,3,THEMON,3
LFR01,240,3,ERICAN,7
LFR01,240,3,LITT,100
LC02,0,1,THERHO,5
LC02,0,1,ALYSIM,40
LC02,0,1,BROTEC,3
LC02,0,1,LITT,80
LC02,0,1,SOIL,20
LC02,0,2,THERHO,5
LC02,0,2,ALYSIM,3
LC02,0,2,ELYELY,1
LC02,0,2,BROTEC,1
LC02,0,2,CERARV,5
LC02,0,2,CAREX,2
LC02,0,2,LITT,100
LC02,0,3,ALYSIM,60
LC02,0,3,QUEGAM,25
LC02,0,3,LITT,100
LC02,120,1,BROTEC,3
LC02,120,1,ARTFRI,5
LC02,120,1,SCUBRI,1
LC02,120,1,ALYSIM,15
LC02,120,1,HETVIL,10
LC02,120,1,LITT,15
LC02,120,1,SOIL,85
LC02,120,1,CERMON,10
LC02,120,2,TRAOCC,3
LC02,120,2,ALYSIM,10
LC02,120,2,BROTEC,60
LC02,120,2,LITT,60
LC02,120,2,SOIL,60
LC02,120,3,OPUPOL,7
LC02,120,3,TRAOCC,1
LC02,120,3,BROTEX,25
LC02,120,3,CARMIC,2
LC02,120,3,LITT,80
LC02,120,3,SOIL,20
LC02,240,1,ALYSIM,10
LC02,240,1,QUEGAM,80
LC02,240,1,BROTEC,5
LC02,240,1,LITT,80
LC02,240,1,SOIL,20
LC02,240,2,QUEGAM,70
LC02,240,2,HETVIL,8
LC02,240,2,SOIL,50
LC02,240,2,LITT,50
LC02,240,3,ALYSIM,5
LC02,240,3,BROTEC,1
LC02,240,3,SOIL,100
HC04,0,1,LATLAN,40
HC04,0,1,CARMIC,5
HC04,0,1,CAREX,5
HC04,0,1,MAHREP,1
HC04,0,1,SOIL,90
HC04,0,2,CERARV,5
HC04,0,2,LATLAN,30
HC04,0,2,MAHREP,7
HC04,0,2,SOIL,70
HC04,0,2,LITT,10
HC04,0,3,QUEGAM,15
HC04,0,3,MAHREP,10
HC04,0,3,LATLAN,10
HC04,0,3,CARMIC,3
HC04,0,3,SOIL,95
HC04,0,3,LITT,5
HC04,120,1,QUEGAM,60
HC04,120,1,LATLAN,2
HC04,120,1,CLARUB,1
HC04,120,1,ROCK,40
HC04,120,1,SOIL,60
HC04,120,2,QUEGAM,90
HC04,120,2,LATLAN,2
HC04,120,2,BROTEC,1
HC04,120,2,SOIL,100
HC04,120,3,CARMIC,8
HC04,120,3,SOIL,100
HC04,240,1,QUEGAM,75
HC04,240,1,CARMIC,5
HC04,240,1,BROTEC,2
HC04,240,1,LITT,98
HC04,240,1,LATLAN,1
HC04,240,1,SOIL,2
HC04,240,2,QUEGAM,25
HC04,240,2,LATLAN,6
HC04,240,2,LITT,5
HC04,240,2,SOIL,95
HC04,240,3,LATLAN,8
HC04,240,3,QUEGAM,45
HC04,240,3,BROTEC,5
HC04,240,3,CARMIC,1
HC04,240,3,LITT,2
HC04,240,3,SOIL,98
MFR01,0,1,QUEGAM,75
MFR01,0,1,GALAPA,25
MFR01,0,1,CARNUT,20
MFR01,0,1,BROINE,5
MFR01,0,1,SOIL,80
MFR01,0,2,QUEGAM,25
MFR01,0,2,MAHREP,50
MFR01,0,2,LITT,100
MFR01,0,2,GALAPA,5
MFR01,0,3,QUEGAM,50
MFR01,0,3,MAHREP,15
MFR01,0,3,LITT,90
MFR01,0,3,GALAPA,10
MFR01,0,3,SOIL,10
MFR01,120,1,QUEGAM,100
MFR01,120,1,GALAPA,3
MFR01,120,1,CARNUT,8
MFR01,120,1,LATLAN,1
MFR01,120,1,COLPAR,1
MFR01,120,1,LITT,100
MFR01,120,2,QUEGAM,60
MFR01,120,2,GALAPA,5
MFR01,120,2,LACCER,1
MFR01,120,2,BROINE,1
MFR01,120,2,LITT,95
MFR01,120,2,SOIL,5
MFR01,120,3,QUEGAM,100
MFR01,120,3,GALAPA,10
MFR01,120,3,LITT,100
MFR01,240,1,CARNUT,12
MFR01,240,1,GALBOR,4
MFR01,240,1,QUEGAM,60
MFR01,240,1,LITT,95
MFR01,240,1,SOIL,5
MFR01,240,2,CARNUT,10
MFR01,240,2,BROTEC,1
MFR01,240,2,LITT,25
MFR01,240,2,SOIL,80
MFR01,240,3,CARNUT,70
MFR01,240,3,QUEGAM,15
MFR01,240,3,LITT,30
MFR03,0,1,BROINE,80
MFR03,0,1,MAHREP,8
MFR03,0,1,QUEGAM,5
MFR03,0,1,LITT,100
MFR03,0,2,BROINE,100
MFR03,0,2,LITT,100
MFR03,0,3,QUEGAM,95
MFR03,0,3,GALAPA,5
MFR03,0,3,ASTPAR,2
MFR03,0,3,MAISTE,1
MFR03,0,3,LITT,100
MFR03,120,1,QUEGAM,10
MFR03,120,1,THERHO,5
MFR03,120,1,GALAPA,8
MFR03,120,1,MAHREP,15
MFR03,120,1,CAREX,5
MFR03,120,1,MAISTE,1
MFR03,120,1,LITT,100
MFR03,120,2,MAISTE,2
MFR03,120,2,GALAPA,6
MFR03,120,2,MAHREP,8
MFR03,120,2,LIGPOR,5
MFR03,120,2,THERHO,2
MFR03,120,2,CAREX,20
MFR03,120,2,LITT,80
MFR03,120,2,SOIL,20
MFR03,120,2,QUEGAM,2
MFR03,120,2,LACCER,2
MFR03,120,3,QUEGAM,40
MFR03,120,3,SYMALB,5
MFR03,120,3,MAHREP,10
MFR03,120,3,GALAPA,5
MFR03,120,3,LITT,100
MFR03,240,1,MAHREP,10
MFR03,240,1,LACCER,3
MFR03,240,1,GALAPA,5
MFR03,240,1,CAREX,5
MFR03,240,1,MAISTE,10
MFR03,240,1,SYMALB,5
MFR03,240,1,LITT,100
MFR03,240,2,QUEGAM,50
MFR03,240,2,MAHREP,50
MFR03,240,2,ROSWOO,5
MFR03,240,2,GALAPA,15
MFR03,240,2,MAISTE,6
MFR03,240,2,THERHO,1
MFR03,240,2,LITT,100
MFR03,240,2,LIGPOR,3
MFR03,240,2,LACCER,1
MFR03,240,2,CAREX,2
MFR03,240,3,QUEGAM,15
MFR03,240,3,GALAPA,25
MFR03,240,3,ROSWOO,10
MFR03,240,3,PRUVIR,5
MFR03,240,3,GERBIC,1
MFR03,240,3,THERHO,2
MFR03,240,3,MAISTE,10
MFR03,240,3,LITT,100
MC03,0,1,QUEGAM,60
MC03,0,1,BROINE,15
MC03,0,1,SYMALB,2
MC03,0,1,ROSWOO,3
MC03,0,1,GALAPA,5
MC03,0,1,THERHO,2
MC03,0,1,LITT,70
MC03,0,1,SOIL,30
MC03,0,2,QUEGAM,30
MC03,0,2,ROSWOO,5
MC03,0,2,BROINE,10
MC03,0,2,SOIL,85
MC03,0,2,LITT,15
MC03,0,3,QUEGAM,10
MC03,0,3,BROINE,70
MC03,0,3,GALAPA,1
MC03,0,3,LITT,80
MC03,0,3,SOIL,20
MC03,120,1,ROSWOO,20
MC03,120,1,QUEGAM,20
MC03,120,1,GALAPA,20
MC03,120,1,PRUVIR,10
MC03,120,1,LITT,100
MC03,120,2,QUEGAM,90
MC03,120,2,THERHO,20
MC03,120,2,BROINE,60
MC03,120,2,LITT,100
MC03,120,3,QUEGAM,13
MC03,120,3,BROINE,40
MC03,120,3,PRUVIR,5
MC03,120,3,LITT,100
MC03,240,1,QUEGAM,90
MC03,240,1,LIGPOR,15
MC03,240,1,GALAPA,10
MC03,240,1,THERHO,3
MC03,240,1,LITT,100
MC03,240,2,QUEGAM,70
MC03,240,2,SYMALB,3
MC03,240,2,GALAPA,80
MC03,240,2,LITT,100
MC03,240,3,LACCER,5
MC03,240,3,TAROFF,3
MC03,240,3,MAHREP,10
MC03,240,3,GALAPA,25
MC03,240,3,QUEGAM,18
MC03,240,3,SOIL,70
MC03,240,3,LITT,30
LC01,0,1,MAHREP,5
LC01,0,1,BROINE,90
LC01,0,1,GALAPA,10
LC01,0,1,GALBOR,5
LC01,0,1,LITT,100
LC01,0,2,PRUVIR,60
LC01,0,2,GALAPA,60
LC01,0,2,LITT,100
LC01,0,3,ACEGLA,90
LC01,0,3,GALAPA,15
LC01,0,3,LITT,100
LC01,120,1,BROINE,50
LC01,120,1,GALAPA,20
LC01,120,1,SENINT,1
LC01,120,1,LITT,100
LC01,120,1,LIGPOR,5
LC01,120,2,GALAPA,30
LC01,120,2,BROINE,70
LC01,120,2,LITT,100
LC01,120,3,QUEGAM,15
LC01,120,3,BROINE,60
LC01,120,3,GALAPA,5
LC01,120,3,LITT,100
LC01,240,1,CAREX,20
LC01,240,1,TAROFF,2
LC01,240,1,BROINE,50
LC01,240,1,GALAPA,10
LC01,240,1,PSEJAM,5
LC01,240,1,LITT,100
LC01,240,2,BROINE,10
LC01,240,2,GALAPA,15
LC01,240,2,CAREX,70
LC01,240,2,ARNCOR,5
LC01,240,2,PSEJAM,5
LC01,240,2,VIOADU,5
LC01,240,2,LITT,100
LC01,240,3,GALAPA,50
LC01,240,3,CAREX,50
LC01,240,3,PSEJAM,10
LC01,240,3,TAROFF,5
LC01,240,3,ARNCOR,8
LC01,240,3,LITT,100
UC06,0,1,QUEGAM,50
UC06,0,1,APOAND,7
UC06,0,1,ABICON,20
UC06,0,1,CAREX,2
UC06,0,1,LITT,100
UC06,0,2,QUEGAM,30
UC06,0,2,APOAND,5
UC06,0,2,CAREX,1
UC06,0,2,LITT,100
UC06,0,3,QUEGAM,80
UC06,0,3,CAREX,1
UC06,0,3,LITT,100
UC06,120,1,QUEGAM,100
UC06,120,1,LITT,100
UC06,120,1,CAREX,1
UC06,120,2,QUEGAM,45
UC06,120,2,APOAND,8
UC06,120,2,CAREX,4
UC06,120,2,LITT,95
UC06,120,2,SOIL,5
UC06,120,3,CAREX,10
UC06,120,3,SOIL,15
UC06,120,3,LITT,85
UC06,240,1,QUEGAM,10
UC06,240,1,CAREX,3
UC06,240,1,LITT,100
UC06,240,2,CAREX,75
UC06,240,2,APOAND,2
UC06,240,2,LITT,100
UC06,240,2,QUEGAM,1
UC06,240,3,CERARV,1
UC06,240,3,CAREX,3
UC06,240,3,LITT,100
UC03,0,1,CAREX,75
UC03,0,1,MAHREP,6
UC03,0,1,LITT,100
UC03,0,2,CAREX,25
UC03,0,2,LITT,100
UC03,0,3,LITT,100
UC03,120,1,MAHREP,3
UC03,120,1,LITT,100
UC03,120,1,CAREX,60
UC03,120,2,MAHREP,4
UC03,120,2,CAREX,80
UC03,120,2,LITT,100
UC03,120,3,CAREX,75
UC03,120,3,MAHREP,2
UC03,120,3,LITT,100
UC03,240,1,LIGPOR,5
UC03,240,1,CAREX,50
UC03,240,1,LITT,100
UC03,240,2,CAREX,5
UC03,240,2,WOOD,95
UC03,240,3,MAHREP,3
UC03,240,3,CAREX,1
UC03,240,3,LITT,100
UC07,0,1,QUEGAM,1
UC07,0,1,LITT,80
UC07,0,1,SOIL,20
UC07,0,2,LITT,80
UC07,0,2,SOIL,8
UC07,0,2,ROCK,12
UC07,0,3,PSEMAC,10
UC07,0,3,PINPON,1
UC07,0,3,ROCK,5
UC07,0,3,LITT,95
UC07,120,1,QUEGAM,20
UC07,120,1,POAPRA,2
UC07,120,1,LITT,100
UC07,120,2,QUEGAM,80
UC07,120,2,LITT,100
UC07,120,3,QUEGAM,15
UC07,120,3,POAPRA,5
UC07,120,3,LITT,100
UC07,240,1,HETVIL,1
UC07,240,1,POAPRA,1
UC07,240,1,LITT,100
UC07,240,2,LITT,100
UC07,240,3,LITT,100
UC04,0,1,LITT,100
UC04,0,1,PSEMEN,25
UC04,0,2,LITT,100
UC04,0,3,CAREX,20
UC04,0,3,LITT,100
UC04,120,1,MEISTE,2
UC04,120,1,CAREX,75
UC04,120,1,BROINE,5
UC04,120,1,LITT,100
UC04,120,2,MEISTE,5
UC04,120,2,CAREX,70
UC04,120,2,BROINE,2
UC04,120,2,LITT,100
UC04,120,3,CAREX,20
UC04,120,3,LITT,100
UC04,240,1,MEISTE,5
UC04,240,1,CAREX,25
UC04,240,1,LITT,100
UC04,240,2,PSEMEN,25
UC04,240,2,MAHREP,6
UC04,240,2,LITT,100
UC04,240,3,CAREX,10
UC04,240,3,LITT,100
UFR05,0,1,GALBOR,5
UFR05,0,1,SYMLAE,25
UFR05,0,1,CAREX,60
UFR05,0,1,QUEGAM,1
UFR05,0,1,LITT,100
UFR05,0,1,ARNCOR,1
UFR05,0,2,GALBOR,20
UFR05,0,2,MAHREP,20
UFR05,0,2,CAREX,50
UFR05,0,2,LITT,100
UFR05,0,3,GALBOR,10
UFR05,0,3,MAHREP,25
UFR05,0,3,CAREX,5
UFR05,0,3,LITT,100
UFR05,120,1,CAREX,50
UFR05,120,1,GALBOR,1
UFR05,120,1,MAHREP,1
UFR05,120,1,ARNCOR,1
UFR05,120,1,LITT,100
UFR05,120,2,MAHREP,5
UFR05,120,2,CAREX,3
UFR05,120,2,LITT,100
UFR05,120,3,ORYASP,30
UFR05,120,3,CAREX,5
UFR05,120,3,MAHREP,1
UFR05,120,3,LITT,100
UFR05,240,1,SYMLAE,10
UFR05,240,1,ARNCOR,6
UFR05,240,1,TAROFF,2
UFR05,240,1,JUNCOM,10
UFR05,240,1,CAREX,90
UFR05,240,1,LITT,100
UFR05,240,2,SYMLAE,8
UFR05,240,2,ARNCOR,50
UFR05,240,2,CAREX,40
UFR05,240,2,GALBOR,1
UFR05,240,2,LITT,100
UFR05,240,3,JUNCOM,25
UFR05,240,3,ARNCOR,75
UFR05,240,3,CAREX,10
UFR05,240,3,GARBOR,2
UFR05,240,3,LITT,100
UFR05,240,3,SYMLAE,3
UC01,0,1,CAREX,75
UC01,0,1,MAHREP,50
UC01,0,1,LITT,100
UC01,0,2,CAREX,80
UC01,0,2,OSMDEP,3
UC01,0,2,ORYASP,3
UC01,0,2,LITT,100
UC01,0,3,CAREX,100
UC01,0,3,LITT,100
UC01,120,1,GALBOR,30
UC01,120,1,CAREX,35
UC01,120,1,MAHREP,10
UC01,120,1,LITT,100
UC01,120,2,MAHREP,15
UC01,120,2,CAREX,90
UC01,120,2,LITT,100
UC01,120,3,OSMDEP,5
UC01,120,3,MAHREP,10
UC01,120,3,GALBOR,1
UC01,120,3,CAREX,80
UC01,120,3,LITT,100
UC01,240,1,LIGPOR,45
UC01,240,1,LACCER,5
UC01,240,1,MAHREP,8
UC01,240,1,CAREX,100
UC01,240,1,LITT,100
UC01,240,2,CAREX,90
UC01,240,2,MAHREP,20
UC01,240,2,LITT,100
UC01,240,3,MAHREP,30
UC01,240,3,CAREX,20
UC01,240,3,LITT,100
UFR07,0,1,CAREX,60
UFR07,0,1,MAHREP,8
UFR07,0,1,LITT,100
UFR07,0,2,CAREX,40
UFR07,0,2,MAHREP,1
UFR07,0,2,LITT,100
UFR07,0,3,CAREX,20
UFR07,0,3,MAHREP,2
UFR07,0,3,LITT,100
UFR07,120,1,CAREX,60
UFR07,120,1,PSEMEN,6
UFR07,120,1,MAHREP,3
UFR07,120,1,LITT,100
UFR07,120,2,MAHREP,3
UFR07,120,2,CAREX,20
UFR07,120,2,LITT,100
UFR07,120,3,CAREX,15
UFR07,120,3,MAHREP,5
UFR07,120,3,SYMALB,1
UFR07,120,3,LITT,100
UFR07,240,1,CAREX,50
UFR07,240,1,LITT,100
UFR07,240,2,CAREX,5
UFR07,240,2,MAHREP,1
UFR07,240,2,PSEMEN,1
UFR07,240,2,LITT,100
UFR07,240,3,MAHREP,10
UFR07,240,3,CAREX,5
UFR07,240,3,LITT,100
UC05,0,1,CAREX,70
UC05,0,1,MAHREP,2
UC05,0,1,LITT,100
UC05,0,2,CAREX,10
UC05,0,2,MAHREP,6
UC05,0,2,PSEMEN,15
UC05,0,2,LITT,85
UC05,0,3,PSEMEN,80
UC05,0,3,LITT,100
UC05,0,3,MAHREP,1
UC05,0,3,CAREX,10
UC05,120,1,MAHREP,10
UC05,120,1,CAREX,50
UC05,120,1,LITT,100
UC05,120,2,MAHREP,15
UC05,120,2,CAREX,40
UC05,120,2,LITT,100
UC05,120,3,MAHREP,5
UC05,120,3,CAREX,75
UC05,120,3,LITT,100
UC05,240,1,CAREX,1
UC05,240,1,MAHREP,1
UC05,240,1,LITT,100
UC05,240,2,PSEMEN,7
UC05,240,2,MAHREP,20
UC05,240,2,LITT,100
UC05,240,3,ORYASP,20
UC05,240,3,PSEMEN,10
UC05,240,3,MAHREP,6
UC05,240,3,CAREX,5
UC05,240,3,LITT,100
UFR06,0,1,CAREX,60
UFR06,0,1,QUEGAM,8
UFR06,0,1,MAHREP,3
UFR06,0,1,LITT,100
UFR06,0,2,CAREX,40
UFR06,0,2,QUEGAM,30
UFR06,0,2,MAHREP,15
UFR06,0,2,LITT,90
UFR06,0,3,LIGPOR,25
UFR06,0,3,CAREX,90
UFR06,0,3,MAHREP,1
UFR06,0,3,LITT,100
UFR06,120,1,QUEGAM,6
UFR06,120,1,LITT,100
UFR06,120,2,LIGPOR,7
UFR06,120,2,MAHREP,3
UFR06,120,2,CAREX,15
UFR06,120,2,LITT,100
UFR06,120,3,ORYASP,1
UFR06,120,3,QUEGAM,5
UFR06,120,3,SYMALB,2
UFR06,120,3,LITT,100
UFR06,240,1,MAHREP,30
UFR06,240,1,CAREX,40
UFR06,240,1,LITT,100
UFR06,240,2,MAHREP,10
UFR06,240,2,CAREX,60
UFR06,240,2,LITT,100
UFR06,240,3,MAHREP,25
UFR06,240,3,CAREX,50
UFR06,240,3,QUEGAM,2
UFR06,240,3,LITT,100
LFR06,0,1,QUEGAM,45
LFR06,0,1,BROTEC,30
LFR06,0,1,LITT,100
LFR06,0,2,BROTEC,50
LFR06,0,2,LITT,100
LFR06,0,3,CAREX,10
LFR06,0,3,BROTEC,10
LFR06,0,3,LITT,100
LFR06,120,1,QUEGAM,75
LFR06,120,1,CAREX,20
LFR06,120,1,LITT,100
LFR06,120,2,QUEGAM,50
LFR06,120,2,ROCK,100
LFR06,120,3,QUEGAM,45
LFR06,120,3,ROCK,15
LFR06,120,3,LITT,85
LFR06,240,1,BROTEC,10
LFR06,240,1,CLARUB,1
LFR06,240,1,ROCK,75
LFR06,240,1,LITT,25
LFR06,240,2,ROCK,100
LFR06,240,3,PINVIR,30
LFR06,240,3,BROTEC,10
LFR06,240,3,ALLCER,2
LFR06,240,3,LITT,75
LFR06,240,3,SOIL,25
HC03,0,1,COLPAR,10
HC03,0,1,LACCER,2
HC03,0,1,LITT,25
HC03,0,1,SOIL,75
HC03,0,2,CAREX,3
HC03,0,2,LACCER,2
HC03,0,2,LITT,75
HC03,0,2,SOIL,25
HC03,0,3,LITT,10
HC03,0,3,SOIL,90
HC03,120,1,LITT,20
HC03,120,1,SOIL,80
HC03,120,2,CAREX,25
HC03,120,2,QUEGAM,50
HC03,120,2,TRIAES,1
HC03,120,2,LACCER,2
HC03,120,2,LITT,25
HC03,120,3,QUEGAM,15
HC03,120,3,LACCER,5
HC03,120,3,MAHREP,6
HC03,120,3,COLPAR,3
HC03,120,3,GALAPA,1
HC03,120,3,LITT,30
HC03,120,3,SOIL,30
HC03,240,1,LACCER,15
HC03,240,1,MAHREP,10
HC03,240,1,BROTEC,5
HC03,240,1,CAREX,0
HC03,240,1,LITT,100
HC03,240,2,BROTEC,5
HC03,240,2,CAREX,2
HC03,240,2,LACCER,1
HC03,240,2,QUEGAM,15
HC03,240,2,SOIL,95
HC03,240,2,LITT,5
HC03,240,3,ERICAN,2
HC03,240,3,LACCER,25
HC03,240,3,CLARUB,2
HC03,240,3,LITT,5
HC03,240,3,SOIL,90
HFR07,0,1,SOIL,100
HFR07,0,1,QUEGAM,4
HFR07,0,2,QUEGAM,40
HFR07,0,2,BROINE,5
HFR07,0,2,SOIL,98
HFR07,0,2,COLPAR,1
HFR07,0,2,LITT,2
HFR07,0,3,BROINE,30
HFR07,0,3,QUEGAM,5
HFR07,0,3,CAMPET,1
HFR07,0,3,LITT,95
HFR07,0,3,SOIL,5
HFR07,120,1,CAREX,25
HFR07,120,1,APOAND,30
HFR07,120,1,QUEGAM,25
HFR07,120,1,CLARUB,30
HFR07,120,1,LITT,90
HFR07,120,1,SOIL,10
HFR07,120,2,CAREX,40
HFR07,120,2,ERICAN,5
HFR07,120,2,BROTEC,20
HFR07,120,2,CLARUB,8
HFR07,120,2,APOAND,40
HFR07,120,2,SOIL,70
HFR07,120,2,LITT,30
HFR07,120,2,LACCER,4
HFR07,120,3,QUEGAM,80
HFR07,120,3,APOAND,30
HFR07,120,3,TAROFF,5
HFR07,120,3,COLPAR,3
HFR07,120,3,CLARUB,10
HFR07,120,3,PRUVIR,5
HFR07,120,3,ERICAN,3
HFR07,120,3,SOIL,80
HFR07,120,3,LITT,20
HFR07,240,1,TRIAES,5
HFR07,240,1,PENVIR,6
HFR07,240,1,COLPAR,2
HFR07,240,1,CAREX,3
HFR07,240,1,ERICAN,1
HFR07,240,1,SENINT,1
HFR07,240,1,LITT,3
HFR07,240,1,SOIL,97
HFR07,240,2,ERICAN,25
HFR07,240,2,PENVIR,2
HFR07,240,2,COLPAR,3
HFR07,240,2,SOIL,95
HFR07,240,2,LITT,5
HFR07,240,3,CLARUB,25
HFR07,240,3,COLPAR,3
HFR07,240,3,APOAND,1
HFR07,240,3,ERICAN,1
HFR07,240,3,SOIL,50
HFR07,240,3,ROCK,50
HFR07,240,3,LITT,5
HFR04,0,1,QUEGAM,80
HFR04,0,1,BROINE,5
HFR04,0,1,TRIAES,10
HFR04,0,1,SOIL,25
HFR04,0,2,BROINE,20
HFR04,0,2,SOIL,95
HFR04,0,2,LITT,5
HFR04,0,3,BROINE,60
HFR04,0,3,PENSEC,12
HFR04,0,3,SOIL,90
HFR04,0,3,LITT,10
HFR04,120,1,ACHMIL,75
HFR04,120,1,COLPAR,10
HFR04,120,1,BROINE,8
HFR04,120,1,POACOM,2
HFR04,120,1,SOIL,60
HFR04,120,2,ACHMIL,75
HFR04,120,2,COLPAR,15
HFR04,120,2,SOIL,40
HFR04,120,2,BROINE,10
HFR04,120,3,ERICAN,15
HFR04,120,3,LACCER,8
HFR04,120,3,BROINE,30
HFR04,120,3,SOIL,85
HFR04,120,3,LITT,5
HFR04,240,1,BROINE,10
HFR04,240,1,QUEGAM,50
HFR04,240,1,SCUBRI,2
HFR04,240,1,COLPAR,1
HFR04,240,1,CLARUB,25
HFR04,240,1,LACCER,1
HFR04,240,1,SOIL,50
HFR04,240,1,LITT,25
HFR04,240,2,CAMPET,25
HFR04,240,2,CLARUB,15
HFR04,240,2,ROCK,25
HFR04,240,2,SOIL,25
HFR04,240,2,LITT,50
HFR04,240,3,LACCER,3
HFR04,240,3,CLARUB,10
HFR04,240,3,COLLIN,8
HFR04,240,3,CAMPET,10
HFR04,240,3,CAREX,5
HFR04,240,3,ACHMIL,1
HFR04,240,3,SOIL,85
HFR04,240,3,LITT,15
HFR05,0,1,GAYDIF,5
HFR05,0,1,TRIAES,10
HFR05,0,1,SOIL,100
HFR05,0,2,BROTEC,2
HFR05,0,2,SOIL,100
HFR05,0,3,BROINE,50
HFR05,0,3,TAROFF,1
HFR05,0,3,LITT,80
HFR05,0,3,SOIL,20
HFR05,120,1,ACHMIL,5
HFR05,120,1,BROTEC,25
HFR05,120,1,CAREX,5
HFR05,120,1,BROINE,2
HFR05,120,1,HETVIL,2
HFR05,120,1,SOIL,100
HFR05,120,2,BROTEC,60
HFR05,120,2,TRIAES,15
HFR05,120,2,ACHMIL,8
HFR05,120,2,LITT,5
HFR05,120,2,SOIL,60
HFR05,120,3,BROTEC,8
HFR05,120,3,CAREX,25
HFR05,120,3,ERICAN,1
HFR05,120,3,PENVIR,1
HFR05,120,3,SOIL,80
HFR05,240,1,BROTEC,50
HFR05,240,1,SOIL,100
HFR05,240,2,BROTEC,1
HFR05,240,2,SOIL,100
HFR05,240,3,PENSEC,20
HFR05,240,3,BROTEC,20
HFR05,240,3,SOIL,80
MC02,0,1,ERICAN,30
MC02,0,1,ERIFLA,5
MC02,0,1,ACHMIL,7
MC02,0,1,SOIL,90
MC02,0,1,LITT,10
MC02,0,2,WOOD,75
MC02,0,2,SOIL,25
MC02,0,3,ACHMIL,25
MC02,0,3,ERICAN,45
MC02,0,3,BROINE,25
MC02,0,3,LITT,100
MC02,120,1,VERTHA,55
MC02,120,1,CEAFEN,5
MC02,120,1,ACHMIL,5
MC02,120,1,ERICAN,10
MC02,120,1,PENVIR,1
MC02,120,1,LITT,45
MC02,120,2,ACHMIL,30
MC02,120,2,VERTHA,5
MC02,120,2,COLPAR,4
MC02,120,2,LACCER,5
MC02,120,2,CHAANG,1
MC02,120,2,ERICAN,15
MC02,120,2,BROTEC,1
MC02,120,2,LITT,90
MC02,120,2,ROCK,10
MC02,120,3,COLPAR,5
MC02,120,3,ERICAN,12
MC02,120,3,MERCIL,3
MC02,120,3,LITT,100
MC02,240,1,ACHMIL,10
MC02,240,1,CERTHA,5
MC02,240,1,CEAFEN,2
MC02,240,1,ERICAN,20
MC02,240,1,SOIL,90
MC02,240,1,LITT,10
MC02,240,2,CLARUB,4
MC02,240,2,POACOM,5
MC02,240,2,ACHMIL,40
MC02,240,2,ERICAN,8
MC02,240,2,CAREX,2
MC02,240,2,SOIL,95
MC02,240,2,LITT,5
MC02,240,3,CAMPET,8
MC02,240,3,ACHMIL,40
MC02,240,3,ERICAN,5
HFR03,0,1,BROTEC,80
HFR03,0,1,LACCER,7
HFR03,0,1,SOIL,95
HFR03,0,1,LITT,5
HFR03,0,2,TAROFF,7
HFR03,0,2,CAMPET,5
HFR03,0,2,ERICAN,3
HFR03,0,2,LITT,10
HFR03,0,2,SOIL,90
HFR03,0,3,TAROFF,10
HFR03,0,3,BROTEC,40
HFR03,0,3,LITT,10
HFR03,0,3,SOIL,90
HFR03,120,1,SOIL,100
HFR03,120,2,ERICAN,1
HFR03,120,2,SOIL,100
HFR03,120,3,ACHMIL,60
HFR03,120,3,LACCER,5
HFR03,120,3,TAROFF,5
HFR03,120,3,ERICAN,15
HFR03,120,3,SOIL,30
HFR03,120,3,LITT,70
HFR03,240,1,BROTEC,8
HFR03,240,1,TAROFF,5
HFR03,240,1,SOIL,100
HFR03,240,2,ERICAN,10
HFR03,240,2,SOIL,100
HFR03,240,3,ERICAN,55
HFR03,240,3,ACHMIL,3
HFR03,240,3,TAROFF,1
HFR03,240,3,SOIL,75
HFR03,240,3,BROTEC,5
HFR01,0,1,CEAFEN,1
HFR01,0,1,SOIL,100
HFR01,0,2,LACCER,10
HFR01,0,2,LITT,25
HFR01,0,2,SOIL,75
HFR01,0,3,SOIL,100
HFR01,120,1,ROCK,20
HFR01,120,1,SOIL,80
HFR01,120,2,SOIL,100
HFR01,120,3,ERICAN,2
HFR01,120,3,GAYDIF,2
HFR01,120,3,TAROFF,1
HFR01,120,3,CAREX,8
HFR01,240,1,ERICAN,5
HFR01,240,1,PENVIR,4
HFR01,240,1,LACCER,1
HFR01,240,1,SOIL,100
HFR01,240,2,PENVIR,3
HFR01,240,2,LACCER,1
HFR01,240,2,CAREX,1
HFR01,240,2,ERICAN,8
HFR01,240,2,SOIL,70
HFR01,240,2,LITT,30
HFR01,240,3,LACCER,5
HFR01,240,3,ERICAN,5
HFR01,240,3,MAHREP,1
HFR01,240,3,SOIL,100
MFR04,0,1,LATLAN,10
MFR04,0,1,PSEJAM,75
MFR04,0,1,QUEGAM,15
MFR04,0,1,SOIL,80
MFR04,0,1,LITT,20
MFR04,0,1,TAROFF,5
MFR04,0,2,WOOD,80
MFR04,0,2,MAHREP,5
MFR04,0,2,PSEJAM,10
MFR04,0,2,SOIL,20
MFR04,0,3,PSEJAM,25
MFR04,0,3,SYMALB,10
MFR04,0,3,CAREX,2
MFR04,0,3,QUEGAM,25
MFR04,0,3,MAHREP,10
MFR04,0,3,SOIL,90
MFR04,0,3,LITT,10
MFR04,120,1,QUEGAM,100
MFR04,120,1,ARNCOR,25
MFR04,120,1,PSEJAM,20
MFR04,120,1,MAHREP,10
MFR04,120,1,LITT,60
MFR04,120,1,SOIL,40
MFR04,120,2,QUEGAM,50
MFR04,120,2,LACCER,5
MFR04,120,2,LATLAN,10
MFR04,120,2,ARNCOR,50
MFR04,120,2,SOIL,80
MFR04,120,2,LITT,20
MFR04,120,3,GALBOR,5
MFR04,120,3,ARNCOR,60
MFR04,120,3,LACCER,1
MFR04,120,3,QUEGAM,30
MFR04,120,3,SOIL,95
MFR04,120,3,LITT,5
MFR04,120,3,TAROFF,1
MFR04,240,1,QUEGAM,75
MFR04,240,1,BROINE,5
MFR04,240,1,PSEJAM,25
MFR04,240,1,CAMPET,5
MFR04,240,1,SOIL,25
MFR04,240,1,LITT,75
MFR04,240,2,SENINT,10
MFR04,240,2,BROINE,5
MFR04,240,2,QUEGAM,45
MFR04,240,2,PSEJAM,25
MFR04,240,2,SOIL,100
MFR04,240,3,PSEJAM,50
MFR04,240,3,QUEGAM,80
MFR04,240,3,LITT,80
MFR04,240,3,SOIL,20
MC07,0,1,QUEGAM,25
MC07,0,1,APOAND,6
MC07,0,1,GALAPA,15
MC07,0,1,ACHMIL,15
MC07,0,1,PSEJAM,10
MC07,0,1,CAREX,3
MC07,0,1,LITT,100
MC07,0,2,QUEGAM,90
MC07,0,2,GALBOR,1
MC07,0,2,PSEJAM,5
MC07,0,2,LATLAN,5
MC07,0,2,BROTEC,1
MC07,0,2,LITT,100
MC07,0,3,QUEGAM,25
MC07,0,3,LUPARG,25
MC07,0,3,PSEJAM,20
MC07,0,3,GALAPA,10
MC07,0,3,SCUBRI,5
MC07,0,3,CAREX,5
MC07,0,3,LATLAN,2
MC07,0,3,LITT,100
MC07,120,1,QUEGAM,100
MC07,120,1,LATLAN,90
MC07,120,1,LITT,100
MC07,120,1,CAREX,5
MC07,120,2,QUEGAM,8
MC07,120,2,ACHMIL,5
MC07,120,2,MAHREP,25
MC07,120,2,CAREX,40
MC07,120,2,GALAPA,5
MC07,120,2,LATLAN,10
MC07,120,2,COLLIN,1
MC07,120,2,LITT,100
MC07,120,3,CERARV,40
MC07,120,3,LATLAN,40
MC07,120,3,CAREX,15
MC07,120,3,QUEGAM,10
MC07,120,3,LITT,100
MC07,240,1,QUEGAM,40
MC07,240,1,LATLAN,8
MC07,240,1,CAREX,10
MC07,240,1,PSEJAM,20
MC07,240,1,LACCER,1
MC07,240,1,LITT,100
MC07,240,2,QUEGAM,95
MC07,240,2,APOAND,10
MC07,240,2,PSEJAM,15
MC07,240,2,GALAPA,1
MC07,240,2,CAREX,5
MC07,240,2,LATLAN,1
MC07,240,2,SOIL,60
MC07,240,2,LITT,40
MC07,240,3,QUEGAM,75
MC07,240,3,GALAPA,10
MC07,240,3,CAREX,15
MC07,240,3,LITT,100
LC05,0,1,QUEGAM,5
LC05,0,1,GALAPA,15
LC05,0,1,CAREX,10
LC05,0,1,MAHREP,8
LC05,0,1,SYMALB,25
LC05,0,1,LITT,90
LC05,0,1,SOIL,10
LC05,0,2,QUEGAM,25
LC05,0,2,SYMALB,10
LC05,0,2,MAHREP,25
LC05,0,2,CAREX,8
LC05,0,2,LITT,100
LC05,0,3,QUEGAM,75
LC05,0,3,SYMALB,25
LC05,0,3,CAREX,15
LC05,0,3,GALAPA,1
LC05,0,3,MAHREP,8
LC05,0,3,LITT,95
LC05,0,3,SOIL,5
LC05,120,1,GALAPA,25
LC05,120,1,SYMALB,10
LC05,120,1,CAREX,1
LC05,120,1,QUEGAM,2
LC05,120,1,MAHREP,5
LC05,120,1,LITT,100
LC05,120,2,QUEGAM,90
LC05,120,2,MAHREP,50
LC05,120,2,COLLIN,1
LC05,120,2,GALAPA,1
LC05,120,2,SYMALB,60
LC05,120,2,LITT,90
LC05,120,2,SOIL,10
LC05,120,3,MAHREP,25
LC05,120,3,SYMALAB,10
LC05,120,3,CAREX,5
LC05,120,3,GALAPA,5
LC05,120,3,LITT,95
LC05,120,3,SOIL,5
LC05,240,1,QUEGAM,90
LC05,240,1,CAREX,10
LC05,240,1,SYMALB,10
LC05,240,1,GALAPA,1
LC05,240,1,LITT,100
LC05,240,2,CAREX,60
LC05,240,2,MAHREP,15
LC05,240,2,QUEGAM,5
LC05,240,2,LATLAN,1
LC05,240,2,LITT,100
LC05,240,3,QUEGAM,10
LC05,240,3,GALAPA,2
LC05,240,3,VERTHA,4
LC05,240,3,SYMALAB,10
LC05,240,3,MAHREP,10
LC05,240,3,CAREX,35
LC05,240,3,SOIL,60
LC05,240,3,LITT,40
HC06,0,1,MAHREP,30
HC06,0,1,QUEGAM,5
HC06,0,1,LATLAN,1
HC06,0,1,CAREX,15
HC06,0,1,SYMALB,2
HC06,0,1,CERARV,1
HC06,0,1,GALAPA,1
HC06,0,1,LITT,90
HC06,0,1,SOIL,10
HC06,0,2,LATLAN,25
HC06,0,2,MAHREP,30
HC06,0,2,CAREX,5
HC06,0,2,QUEGAM,20
HC06,0,2,SOIL,50
HC06,0,2,LITT,50
HC06,0,3,LATLAN,30
HC06,0,3,MAHREP,40
HC06,0,3,CAREX,10
HC06,0,3,SOIL,20
HC06,0,3,LITT,80
HC06,120,1,SENINT,1
HC06,120,1,MAHREP,12
HC06,120,1,LATLAN,3
HC06,120,1,CAREX,10
HC06,120,1,QUEGAM,25
HC06,120,1,SYMALB,1
HC06,120,1,SOIL,25
HC06,120,1,LITT,75
HC06,120,2,LATLAN,6
HC06,120,2,MAHREP,35
HC06,120,2,QUEGAM,5
HC06,120,2,CAREX,20
HC06,120,2,LITT,95
HC06,120,2,SOIL,5
HC06,120,3,CAREX,2
HC06,120,3,LATLAN,15
HC06,120,3,MAHREP,8
HC06,120,3,QUEGAM,5
HC06,120,3,LITT,100
HC06,240,1,QUEGAM,50
HC06,240,1,LATLAN,6
HC06,240,1,LACCER,10
HC06,240,1,CAREX,5
HC06,240,1,GALAPA,1
HC06,240,1,MAHREP,5
HC06,240,1,LITT,100
HC06,240,2,QUEGAM,80
HC06,240,2,MAHREP,1
HC06,240,2,LACCER,20
HC06,240,2,ROSWOO,5
HC06,240,2,LATLAN,6
HC06,240,2,ERICAN,3
HC06,240,2,GALAPA,2
HC06,240,2,LITT,60
HC06,240,2,SOIL,40
HC06,240,3,QUEGAM,95
HC06,240,3,LATLAN,10
HC06,240,3,GALAPA,10
HC06,240,3,LACCER,2
HC06,240,3,DRYFIS,2
HC06,240,3,COLRUB,3
HC06,240,3,ROSWOO,2
HC06,240,3,TAROFF,1
HC06,240,3,LITT,100
HC05,0,1,CAMPET,10
HC05,0,1,COLPAR,20
HC05,0,1,CEAFEN,2
HC05,0,1,COLLIN,5
HC05,0,1,MAHREP,3
HC05,0,1,SENINT,1
HC05,0,1,SOIL,15
HC05,0,1,LITT,85
HC05,0,2,PSEJAM,10
HC05,0,2,CEAFEN,8
HC05,0,2,MAHREP,20
HC05,0,2,CAMPET,8
HC05,0,2,COLLIN,10
HC05,0,2,SOIL,95
HC05,0,2,LITT,5
HC05,0,3,SILANT,20
HC05,0,3,CEAFEN,5
HC05,0,3,COLPAR,20
HC05,0,3,COLLIN,25
HC05,0,3,DRYFIS,1
HC05,0,3,SOIL,30
HC05,0,3,LITT,70
HC05,120,1,MAHREP,20
HC05,120,1,COLLIN,5
HC05,120,1,CREX,8
HC05,120,1,XOLPAR,25
HC05,120,1,LACCER,1
HC05,120,1,LITT,40
HC05,120,1,SOIL,60
HC05,120,2,APOAND,3
HC05,120,2,MAHREP,20
HC05,120,2,CAREX,25
HC05,120,2,ERICAN,10
HC05,120,2,CEAFEN,10
HC05,120,2,HESCOM,3
HC05,120,2,LACCER,2
HC05,120,2,COLLIN,2
HC05,120,2,COLPAR,2
HC05,120,2,LITT,5
HC05,120,2,SOIL,95
HC05,120,3,MAHREP,40
HC05,120,3,SYMALB,2
HC05,120,3,CAREX,8
HC05,120,3,COLLIN,3
HC05,120,3,SOIL,95
HC05,120,3,LITT,5
HC05,120,3,LACCER,1
HC05,120,3,COLPAR,1
HC05,240,1,TAROFF,8
HC05,240,1,ALYSIM,2
HC05,240,1,COLPAR,5
HC05,240,1,COLLIN,3
HC05,240,1,UNKG1,1
HC05,240,1,CEAFEN,6
HC05,240,1,PENVIT,2
HC05,240,1,LACCER,1
HC05,240,1,SOIL,100
HC05,240,2,UNKG1,10
HC05,240,2,COLPAR,5
HC05,240,2,COLLIN,5
HC05,240,2,ERICAN,3
HC05,240,2,WOOD,10
HC05,240,2,SOIL,90
HC05,240,3,QUEGAM,70
HC05,240,3,POACOM,5
HC05,240,3,COLPAR,50
HC05,240,3,ERICAN,15
HC05,240,3,GALAPA,5
HC05,240,3,COLLIN,5
HC05,240,3,MAHREP,2
HC05,240,3,APOAND,5
HC05,240,3,CAREX,5
HC05,240,3,LITT,100
LFR07,0,1,UNKG1,7
LFR07,0,1,ALLCER,3
LFR07,0,1,PENVIR,6
LFR07,0,1,SEDLAN,4
LFR07,0,1,LITT,80
LFR07,0,1,SOIL,20
LFR07,0,2,BROTEC,1
LFR07,0,2,SOIL,92
LFR07,0,2,LITT,8
LFR07,0,3,PENVIR,1
LFR07,0,3,SOIL,95
LFR07,0,3,LITT,5
LFR07,120,1,GAYDIF,2
LFR07,120,1,CAMPET,4
LFR07,120,1,PENVIR,3
LFR07,120,1,LATLAN,6
LFR07,120,1,CAREX,3
LFR07,120,1,ALLCER,5
LFR07,120,1,LITT,85
LFR07,120,1,SOIL,15
LFR07,120,2,QUEGAM,50
LFR07,120,2,LATLAN,6
LFR07,120,2,LACCER,6
LFR07,120,2,CAREX,25
LFR07,120,2,COLLIN,5
LFR07,120,2,LITT,95
LFR07,120,2,SOIL,5
LFR07,120,3,LACCER,2
LFR07,120,3,BROTEC,4
LFR07,120,3,CAREX,8
LFR07,120,3,COLLIN,5
LFR07,120,3,LATLAN,2
LFR07,120,3,LITT,90
LFR07,120,3,SOIL,10
LFR07,240,1,PENVIR,5
LFR07,240,1,ERIUMB,1
LFR07,240,1,DRYFIS,1
LFR07,240,1,CAREX,5
LFR07,240,1,SOIL,100
LFR07,240,2,HETVIL,20
LFR07,240,2,PENVIR,5
LFR07,240,2,SOIL,95
LFR07,240,2,LITT,5
LFR07,240,3,PSEMEN,95
LFR07,240,3,HETVIL,2
LFR07,240,3,SEDLAN,5
LFR07,240,3,LITT,80
LFR07,240,3,SOIL,20
HFR06,0,1,BROTEC,5
HFR06,0,1,CLARUB,10
HFR06,0,1,ROCK,90
HFR06,0,2,APOAND,2
HFR06,0,2,CLARUB,30
HFR06,0,2,LACCER,5
HFR06,0,2,CAREX,6
HFR06,0,2,ERICAN,5
HFR06,0,2,SOIL,50
HFR06,0,2,LITT,50
HFR06,0,3,CLARUB,50
HFR06,0,3,LACCER,8
HFR06,0,3,ERICAN,1
HFR06,0,3,LITT,50
HFR06,120,1,BROTEC,5
HFR06,120,1,ERICAN,5
HFR06,120,1,ALYSIM,40
HFR06,120,1,HARTRA,3
HFR06,120,1,ROCK,25
HFR06,120,1,LITT,25
HFR06,120,1,SOIL,50
HFR06,120,2,ALYSIM,20
HFR06,120,2,CAREX,5
HFR06,120,2,LACCER,2
HFR06,120,2,CLARUB,3
HFR06,120,2,ERICAN,2
HFR06,120,2,LITT,50
HFR06,120,2,SOIL,50
HFR06,120,3,ALYSIM,2
HFR06,120,3,ACHMIL,5
HFR06,120,3,UNKF4,2
HFR06,120,3,SOIL,40
HFR06,120,3,LITT,60
HFR06,240,1,ERICAN,10
HFR06,240,1,LACCER,7
HFR06,240,1,LITT,40
HFR06,240,1,SOIL,60
HFR06,240,2,ERICAN,7
HFR06,240,2,CEAFEN,10
HFR06,240,2,COLPAR,2
HFR06,240,2,CLARUB,15
HFR06,240,2,LITT,90
HFR06,240,2,SOIL,10
HFR06,240,2,LACCER,2
HFR06,240,2,BROTEC,8
HFR06,240,3,LACCER,5
HFR06,240,3,ERICAN,15
HFR06,240,3,CLARUB,10
HFR06,240,3,BROTEC,3
HFR06,240,3,COLPAR,8
HFR06,240,3,ROCK,30
HFR06,240,3,SOIL,45
HFR06,240,3,LITT,15
HC07,0,1,ERICAN,40
HC07,0,1,CLAPAR,40
HC07,0,1,GALAPA,5
HC07,0,1,LITT,20
HC07,0,1,SOIL,20
HC07,0,2,ERICAN,60
HC07,0,2,LACCER,10
HC07,0,2,COLPAR,20
HC07,0,2,ALYSIM,5
HC07,0,2,CLAPAR,50
HC07,0,2,SOIL,10
HC07,0,3,ERICAN,40
HC07,0,3,ALYSIM,50
HC07,0,3,LACCER,10
HC07,0,3,COLPAR,30
HC07,120,1,DESPIN,30
HC07,120,1,COLPAR,6
HC07,120,1,LACCER,1
HC07,120,1,LITT,5
HC07,120,1,SOIL,95
HC07,120,2,LACCER,8
HC07,120,2,ERICAN,20
HC07,120,2,BROTEC,10
HC07,120,2,CLAPAR,25
HC07,120,2,SOIL,75
HC07,120,3,SOIL,99
HC07,120,3,LITT,1
HC07,240,1,LACCER,1
HC07,240,1,LITT,20
HC07,240,1,SOIL,80
HC07,240,2,VERTHA,50
HC07,240,2,CLAPAR,25
HC07,240,2,LACCER,10
HC07,240,2,MAHREP,10
HC07,240,2,ERICAN,1
HC07,240,2,GALAPA,1
HC07,240,2,SOIL,10
HC07,240,3,MAHREP,30
HC07,240,3,LACCER,20
HC07,240,3,BROINE,5
HC07,240,3,COLPAR,60
HC07,240,3,GAYDIF,10
HC07,240,3,SOIL,40
MC06,0,1,HETVIL,75
MC06,0,1,ACHMIL,15
MC06,0,1,BROINE,5
MC06,0,1,LITT,100
MC06,0,2,HETVIL,25
MC06,0,2,ELYSMI,20
MC06,0,2,SOIL,60
MC06,0,2,LITT,40
MC06,0,2,ACHMIL,1
MC06,0,3,HETVIL,4
MC06,0,3,BROTEC,60
MC06,0,3,ACHMIL,5
MC06,0,3,LITT,90
MC06,0,3,SOIL,10
MC06,120,1,CARNUT,60
MC06,120,1,CHEALB,1
MC06,120,1,LITT,90
MC06,120,1,SOIL,10
MC06,120,2,QUEGAM,25
MC06,120,2,CLARUB,12
MC06,120,2,LITT,100
MC06,120,3,ERICAN,60
MC06,120,3,LITT,100
MC06,240,1,ERICAN,50
MC06,240,1,LACCER,10
MC06,240,1,LITT,100
MC06,240,2,ACHMIL,65
MC06,240,2,HEVVIL,5
MC06,240,2,BROTEC,2
MC06,240,2,LITT,100
MC06,240,3,BROTEC,15
MC06,240,3,CARNUT,5
MC06,240,3,HETVIL,5
MC06,240,3,LITT,100
MFR02,0,1,QUEGAM,75
MFR02,0,1,ALYSIM,10
MFR02,0,1,MAHREP,2
MFR02,0,1,BROTEC,2
MFR02,0,1,CARMIC,1
MFR02,0,1,SOIL,70
MFR02,0,1,LITT,30
MFR02,0,2,QUEGAM,5
MFR02,0,2,CARMIC,1
MFR02,0,2,MAHREP,35
MFR02,0,2,CAREX,5
MFR02,0,2,GAYDIF,1
MFR02,0,2,LITT,100
MFR02,0,3,MAHREP,55
MFR02,0,3,CAREX,10
MFR02,0,3,ALYSIM,3
MFR02,0,3,LITT,100
MFR02,120,1,QUEGAM,12
MFR02,120,1,GAYDIF,30
MFR02,120,1,CLARUB,45
MFR02,120,1,PENINT,8
MFR02,120,1,CAREX,15
MFR02,120,1,COLLIN,2
MFR02,120,1,LITT,80
MFR02,120,1,SOIL,20
MFR02,120,2,CAREX,70
MFR02,120,2,CAMPET,2
MFR02,120,2,PENINT,15
MFR02,120,2,LITT,100
MFR02,120,2,COLPAR,2
MFR02,120,3,CAREX,75
MFR02,120,3,COLPAR,1
MFR02,120,3,QUEGAM,1
MFR02,120,3,ERYCAP,1
MFR02,120,3,LITT,100
MFR02,240,1,QUEGAM,75
MFR02,240,1,BROTEC,25
MFR02,240,1,ALYSIM,10
MFR02,240,1,SOIL,80
MFR02,240,1,LITT,20
MFR02,240,2,MAHREP,8
MFR02,240,2,BROTEC,10
MFR02,240,2,ACHMIL,10
MFR02,240,2,VERTHA,6
MFR02,240,2,ALYSIM,2
MFR02,240,2,CAREX,60
MFR02,240,2,COLPAR,2
MFR02,240,2,LITT,100
MFR02,240,3,SILANT,2
MFR02,240,3,ALYSIM,5
MFR02,240,3,BROTEC,15
MFR02,240,3,MAHREP,10
MFR02,240,3,GAYDIF,1
MFR02,240,3,COLLIN,1
MFR02,240,3,CAREX,3
MFR02,240,3,COLPAR,20
MFR02,240,3,SOIL,20
MFR02,240,3,LITT,80
LFR03,0,1,PINPON,5
LFR03,0,1,BROTEC,1
LFR03,0,1,LITT,98
LFR03,0,1,SOIL,2
LFR03,0,2,PINPON,1
LFR03,0,2,BROTEC,1
LFR03,0,2,SOIL,50
LFR03,0,2,LITT,50
LFR03,0,3,CAMPET,8
LFR03,0,3,PINPON,1
LFR03,0,3,LITT,100
LFR03,120,1,LACCER,20
LFR03,120,1,BROTEC,2
LFR03,120,1,PINPON,1
LFR03,120,1,LITT,98
LFR03,120,1,SOIL,2
LFR03,120,2,LACCER,20
LFR03,120,2,BROTEC,2
LFR03,120,2,PINPON,1
LFR03,120,2,LITT,98
LFR03,120,2,SOIL,2
LFR03,120,3,CLAPAR,10
LFR03,120,3,BROTEC,2
LFR03,120,3,PINPON,1
LFR03,120,3,LITT,98
LFR03,120,3,SOIL,2
LFR03,240,1,BROTEC,1
LFR03,240,1,PINPON,1
LFR03,240,1,LITT,95
LFR03,240,1,SOIL,5
LFR03,240,2,PINPON,1
LFR03,240,2,LITT,100
LFR03,240,3,PINPON,1
LFR03,240,3,LITT,100
LC06,0,1,LIGPOR,75
LC06,0,1,PHAHET,30
LC06,0,1,CLARUB,60
LC06,0,1,BROTEC,10
LC06,0,1,GALAPA,30
LC06,0,1,TAROFF,5
LC06,0,2,CLARUB,60
LC06,0,2,CARNUT,10
LC06,0,2,PHAHET,10
LC06,0,2,LIGPOR,30
LC06,0,2,MAHREP,5
LC06,0,2,SOIL,5
LC06,0,3,PHAHET,20
LC06,0,3,CLARUB,40
LC06,0,3,CARNUT,10
LC06,0,3,MAHREP,10
LC06,0,3,CAREX,5
LC06,0,3,LITT,80
LC06,120,1,BROINE,90
LC06,120,1,PHAHET,20
LC06,120,1,LIGPOR,10
LC06,120,1,LITT,80
LC06,120,2,BROINE,100
LC06,120,2,PHAHET,70
LC06,120,3,BROINE,80
LC06,120,3,PHAHET,60
LC06,120,3,AQUCER,20
LC06,120,3,MEISTE,15
LC06,240,1,PHAHET,50
LC06,240,1,CAREX,60
LC06,240,1,MAHREP,20
LC06,240,1,MEISTE,20
LC06,240,1,BROINE,3
LC06,240,1,CYNOFF,10
LC06,240,2,LIGPOR,50
LC06,240,2,RUMCRI,10
LC06,240,2,MAHREP,50
LC06,240,2,CAREX,20
LC06,240,2,PHAHET,40
LC06,240,2,LITT,20
LC06,240,3,PHAHET,80
LC06,240,3,MAHREP,30
LC06,240,3,BROINE,10
LC06,240,3,LITT,80
LFR05,0,1,CAMPET,2
LFR05,0,1,COLLIN,1
LFR05,0,1,CAREX,4
LFR05,0,1,CLARUB,6
LFR05,0,1,PINPON,1
LFR05,0,1,SOIL,2
LFR05,0,1,LITT,98
LFR05,0,2,COLLIN,2
LFR05,0,2,APOAND,25
LFR05,0,2,CAREX,10
LFR05,0,2,LITT,100
LFR05,0,2,GAYDIF,1
LFR05,0,3,QUEGAM,5
LFR05,0,3,APOAND,15
LFR05,0,3,COLLIN,1
LFR05,0,3,LITT,70
LFR05,0,3,SOIL,30
LFR05,120,1,PHAHET,15
LFR05,120,1,CLARUB,8
LFR05,120,1,PINPON,1
LFR05,120,1,ERICAN,2
LFR05,120,1,LACCER,4
LFR05,120,1,LITT,100
LFR05,120,2,QUEGAM,2
LFR05,120,2,COLLIN,2
LFR05,120,2,COLPAR,1
LFR05,120,2,CLARUB,1
LFR05,120,2,SOIL,25
LFR05,120,2,LITT,75
LFR05,120,3,QUEGAM,30
LFR05,120,3,CLARUB,25
LFR05,120,3,CAREX,10
LFR05,120,3,COLLIN,5
LFR05,120,3,LITT,100
LFR05,240,1,LACCER,2
LFR05,240,1,QUEGAM,2
LFR05,240,1,LITT,100
LFR05,240,2,QUEGAM,50
LFR05,240,2,LITT,100
LFR05,240,3,QUEGAM,25
LFR05,240,3,WOOD,50
LFR05,240,3,LITT,25
LC03,0,1,PINPON,1
LC03,0,1,LITT,98
LC03,0,1,SOIL,2
LC03,0,2,MAHREP,2
LC03,0,2,PINPON,1
LC03,0,2,LITT,99
LC03,0,2,SOIL,1
LC03,0,3,MAHREP,6
LC03,0,3,CHAANG,2
LC03,0,3,LITT,100
LC03,120,1,MAHREP,40
LC03,120,1,CLAPAR,2
LC03,120,1,LITT,100
LC03,120,2,MAHREP,6
LC03,120,2,PSEJAM,1
LC03,120,2,SOIL,55
LC03,120,2,QUEGAM,1
LC03,120,2,LITT,45
LC03,120,3,TAROFF,1
LC03,120,3,PSEJAM,1
LC03,120,3,SYMALB,2
LC03,120,3,MAHREP,6
LC03,120,3,PINPON,1
LC03,120,3,LITT,95
LC03,120,3,SOIL,5
LC03,240,1,MAHREP,3
LC03,240,1,CAREX,4
LC03,240,1,OSMDEP,1
LC03,240,1,SOIL,90
LC03,240,1,LITT,10
LC03,240,2,PSEJAM,10
LC03,240,2,TAROFF,20
LC03,240,2,OSMDEP,30
LC03,240,2,LITT,100
LC03,240,3,WOOD,40
LC03,240,3,SOIL,20
LC03,240,3,LITT,40
UFR01,0,1,CAREX,90
UFR01,0,1,MAHREP,5
UFR01,0,1,LITT,100
UFR01,0,2,PINPON,1
UFR01,0,2,CAREX,75
UFR01,0,2,MAHREP,3
UFR01,0,2,LITT,50
UFR01,0,3,CAREX,50
UFR01,0,3,PSEJAM,1
UFR01,0,3,MAHREPP,10
UFR01,0,3,LITT,85
UFR01,120,1,ORYASP,80
UFR01,120,1,MAHREP,2
UFR01,120,1,PINPON,1
UFR01,120,1,LITT,90
UFR01,120,2,ORYASP,20
UFR01,120,2,MAHREP,25
UFR01,120,2,LITT,100
UFR01,120,3,CAREX,50
UFR01,120,3,MAHREP,8
UFR01,120,3,ORYASP,5
UFR01,120,3,LITT,100
UFR01,120,3,PINPON,1
UFR01,240,1,ORYASP,6
UFR01,240,1,OSMDEP,2
UFR01,240,1,MAHREP,20
UFR01,240,1,LITT,100
UFR01,240,2,GALAPA,5
UFR01,240,2,LITT,100
UFR01,240,3,ORYASP,3
UFR01,240,3,PSEJAM,1
UFR01,240,3,CAREX,2
UFR01,240,3,LITT,100
UC02,0,1,MEISTE,2
UC02,0,1,CAREX,5
UC02,0,1,GERBIC,1
UC02,0,1,ROSWOO,2
UC02,0,1,LITT,100
UC02,0,2,MAHREP,40
UC02,0,2,MEISTE,4
UC02,0,2,CAREX,3
UC02,0,2,LITT,100
UC02,0,3,QUEGAM,2
UC02,0,3,MEISTE,3
UC02,0,3,MAHREP,2
UC02,0,3,CAREX,10
UC02,0,3,LITT,100
UC02,120,1,CAREX,10
UC02,120,1,MEISTE,2
UC02,120,1,LITT,100
UC02,120,2,BROTEC,2
UC02,120,2,CAREX,4
UC02,120,2,DELNUT,1
UC02,120,2,LITT,100
UC02,120,3,WOOD,95
UC02,120,3,LITT,5
UC02,240,1,QUEGAM,15
UC02,240,1,MEISTE,6
UC02,240,1,SYMALB,5
UC02,240,1,LITT,100
UC02,240,2,MEISTE,1
UC02,240,2,MERCIL,2
UC02,240,2,CAREX,2
UC02,240,2,LITT,100
UC02,240,3,MEISTE,1
UC02,240,3,LITT,100
UFR03,0,1,MAHREP,15
UFR03,0,1,ARNCOR,2
UFR03,0,1,CAREX,90
UFR03,0,1,GALAPA,3
UFR03,0,1,GERBIC,4
UFR03,0,1,LITT,100
UFR03,0,2,CAREX,90
UFR03,0,2,MEISTE,10
UFR03,0,2,MAHREP,3
UFR03,0,2,LITT,100
UFR03,0,3,MEISTE,15
UFR03,0,3,LIGPOR,4
UFR03,0,3,MAHREP,2
UFR03,0,3,CAREX,70
UFR03,0,3,LITT,100
UFR03,120,1,MEISTE,30
UFR03,120,1,MAHREP,6
UFR03,120,1,CYNOFF,1
UFR03,120,1,CAREX,25
UFR03,120,1,LITT,100
UFR03,120,2,OSMDEP,20
UFR03,120,2,MAHREP,3
UFR03,120,2,PINPON,1
UFR03,120,2,CAREX,20
UFR03,120,2,LITT,100
UFR03,120,3,LIGPOR,15
UFR03,120,3,OSMDEP,2
UFR03,120,3,MAHREP,5
UFR03,120,3,CAREX,15
UFR03,120,3,PINPON,1
UFR03,120,3,LITT,100
UFR03,120,3,ARNCOR,1
UFR03,240,1,CAREX,60
UFR03,240,1,MAHREP,1
UFR03,240,1,OSMDEP,5
UFR03,240,1,LITT,100
UFR03,240,2,LIGPOR,20
UFR03,240,2,CAREX,5
UFR03,240,2,LITT,100
UFR03,240,3,ARNCOR,1
UFR03,240,3,LIGPOR,15
UFR03,240,3,LITT,100
UFR02,0,1,MAHREP,25
UFR02,0,1,LITT,75
UFR02,0,2,LITT,100
UFR02,0,3,MAHREP,5
UFR02,0,3,OSMDEP,1
UFR02,0,3,LITT,100
UFR02,120,1,MAHREP,15
UFR02,120,1,CLAPAR,10
UFR02,120,1,OSMDEP,30
UFR02,120,1,SYMALB,5
UFR02,120,1,LITT,100
UFR02,120,2,MEISTE,25
UFR02,120,2,BROTEC,5
UFR02,120,2,JAMAME,1
UFR02,120,2,COLPAR,2
UFR02,120,2,LITT,100
UFR02,120,3,MAHREP,40
UFR02,120,3,OSMDEP,10
UFR02,120,3,LITT,100
UFR02,240,1,MEISTE,25
UFR02,240,1,OSMDEP,20
UFR02,240,1,SENTRI,5
UFR02,240,1,TAROFF,15
UFR02,240,1,MAHREP,1
UFR02,240,1,SENINT,1
UFR02,240,1,LITT,100
UFR02,240,2,DELNUT,3
UFR02,240,2,OSMDEP,5
UFR02,240,2,MAHREP,15
UFR02,240,2,LITT,100
UFR02,240,3,LIGPOR,20
UFR02,240,3,OSMDEP,15
UFR02,240,3,MAHREP,25
UFR02,240,3,ARNCOR,1
UFR02,240,3,LITT,100
HFR02,0,1,ERICAN,20
HFR02,0,1,GAYDIF,3
HFR02,0,1,SOIL,60
HFR02,0,1,LITT,40
HFR02,0,2,QUEGAM,10
HFR02,0,2,BROTEC,15
HFR02,0,2,CAREX,7
HFR02,0,2,ERICAN,3
HFR02,0,2,SOIL,90
HFR02,0,2,LITT,10
HFR02,0,3,LACCER,1
HFR02,0,3,CHEALB,1
HFR02,0,3,SOIL,100
HFR02,120,1,ERICAN,30
HFR02,120,1,CHEALB,1
HFR02,120,1,RUBIDA,8
HFR02,120,1,SOIL,100
HFR02,120,2,CEAFEN,1
HFR02,120,2,BROTEC,5
HFR02,120,2,SOIL,97
HFR02,120,2,LITT,3
HFR02,120,3,SOIL,100
HFR02,120,3,ERICAN,3
HFR02,240,1,ERICAN,25
HFR02,240,1,BROTEC,5
HFR02,240,1,SOIL,100
HFR02,240,2,ERICAN,10
HFR02,240,2,SOIL,95
HFR02,240,2,LITT,5
HFR02,240,3,ERICAN,40
HFR02,240,3,COLPAR,4
HFR02,240,3,SOIL,98
HFR02,240,3,LITT,2
