plot,code,size,count
UFR04,JUNOST,22,
UFR04,JUNOST,20,
UFR04,JUNOST,86,
UFR04,JUNOST,79,
UFR04,JUNOST,38,
UFR04,JUNOST,10,
UFR04,JUNOST,32,
UFR04,JUNOST,10,
UFR04,JUNOST,61,
UFR04,JUNOST,32,
UFR04,JUNOST,100,
UFR04,JUNOST,35,
UFR04,JUNOST,12,
UFR04,JUNOST,104,
UFR04,JUNOST,31,
UFR04,JUNOST,16,
MC04,NA,0,
HC02,NA,0,
MFR06,NA,0,
LFR02,NA,0,
MC01,NA,0,
MFR07,NA,0,
MC05,NA,0,
LC04,NA,0,
LFR04,NA,0,
HC01,NA,0,
LC07,NA,0,
LFR01,ABICON,32,
LFR01,ABICON,43,
LFR01,ABICON,45,
LFR01,ABICON,89,
LFR01,ABICON,39,
LC02,NA,0,
HC04,NA,0,
MFR01,NA,0,
MFR03,NA,0,
MC03,NA,0,
LC01,NA,0,
UC06,PSEMEN,10,
UC06,PSEMEN,46,
UC06,PSEMEN,44,
UC06,PSEMEN,27,
UC06,PSEMEN,29,
UC06,PSEMEN,37,
UC06,PSEMEN,22,
UC03,PSEMEN,28,
UC03,PSEMEN,99,
UC03,PSEMEN,65,
UC03,PSEMEN,135,
UC03,PSEMEN,64,
UC03,PSEMEN,57,
UC03,PSEMEN,59,
UC03,PSEMEN,56,
UC03,PSEMEN,62,
UC03,PSEMEN,112,
UC03,PSEMEN,49,
UC03,PSEMEN,62,
UC03,PSEMEN,75,
UC03,PSEMEN,74,
UC03,PSEMEN,19,
UC03,PSEMEN,28,
UC03,PSEMEN,75,
UC03,PSEMEN,124,
UC03,PSEMEN,7,
UC03,PSEMEN,19,
UC03,PSEMEN,26,
UC03,PSEMEN,47,
UC03,PSEMEN,47,
UC03,PSEMEN,46,
UC03,PSEMEN,51,
UC03,PSEMEN,75,
UC03,PSEMEN,49,
UC03,PSEMEN,45,
UC03,PSEMEN,52,
UC03,PSEMEN,29,
UC03,PSEMEN,39,
UC03,PSEMEN,31,
UC03,PSEMEN,56,
UC03,PSEMEN,37,
UC03,PSEMEN,71,
UC03,PSEMEN,72,
UC03,PSEMEN,100,
UC03,PSEMEN,11,
UC03,PSEMEN,122,
UC03,PSEMEN,63,
UC03,PSEMEN,134,
UC03,PSEMEN,35,
UC03,PSEMEN,34,
UC03,PSEMEN,56,
UC03,PSEMEN,31,
UC03,PSEMEN,5,
UC07,PINPON,6,
UC07,PINPON,6,
UC07,PINPON,6,
UC07,PINPON,6,
UC07,PINPON,5,
UC07,PINPON,5,
UC07,PINPON,72,
UC07,PINPON,7,
UC04,PSEMEN,69,
UC04,PSEMEN,19,
UC04,PSEMEN,122,
UC04,PSEMEN,43,
UC04,PSEMEN,32,
UC04,PSEMEN,49,
UC04,PSEMEN,11,
UC04,PSEMEN,112,
UC04,PSEMEN,22,
UC04,PSEMEN,49,
UC04,PSEMEN,41,
UC04,PSEMEN,27,
UC04,PSEMEN,98,
UC04,PSEMEN,51,
UC04,PSEMEN,28,
UC04,PSEMEN,108,
UC04,PSEMEN,30,
UC04,PSEMEN,91,
UC04,PSEMEN,123,
UFR05,PSEMEN,65,
UFR05,PSEMEN,53,
UFR05,PSEMEN,53,
UFR05,PSEMEN,89,
UFR05,PSEMEN,52,
UFR05,PSEMEN,25,
UFR05,PSEMEN,46,
UFR05,PSEMEN,49,
UFR05,PSEMEN,51,
UFR05,PSEMEN,70,
UFR05,PSEMEN,94,
UFR05,PSEMEN,68,
UFR05,PSEMEN,69,
UFR05,PSEMEN,93,
UFR05,PSEMEN,53,
UFR05,PSEMEN,69,
UFR05,PSEMEN,45,
UFR05,PSEMEN,79,
UFR05,PSEMEN,120,
UFR05,PSEMEN,112,
UFR05,PSEMEN,98,
UFR05,PSEMEN,44,
UFR05,PSEMEN,41,
UFR05,PSEMEN,77,
UFR05,PSEMEN,53,
UFR05,PSEMEN,61,
UFR05,PSEMEN,70,
UFR05,PSEMEN,44,
UFR05,PSEMEN,72,
UFR05,PSEMEN,79,
UFR05,PSEMEN,78,
UFR05,PSEMEN,42,
UC01,PSEMEN,131,
UC01,PSEMEN,35,
UC01,PSEMEN,71,
UFR07,PSEMEN,11,
UFR07,PSEMEN,17,
UFR07,PSEMEN,17,
UFR07,PSEMEN,52,
UFR07,PSEMEN,95,
UFR07,PSEMEN,71,
UFR07,PSEMEN,134,
UFR07,PSEMEN,86,
UFR07,PSEMEN,128,
UFR07,PSEMEN,94,
UFR07,PSEMEN,99,
UFR07,PSEMEN,61,
UFR07,PSEMEN,49,
UFR07,PSEMEN,42,
UC05,PSEMEN,59,
UC05,PSEMEN,98,
UC05,PSEMEN,65,
UC05,PSEMEN,84,
UC05,PSEMEN,81,
UC05,PSEMEN,38,
UC05,PSEMEN,129,
UC05,PSEMEN,134,
UC05,PSEMEN,22,
UC05,PSEMEN,27,
UC05,PSEMEN,18,
UC05,PSEMEN,39,
UC05,PSEMEN,15,
UC05,PSEMEN,17,
UC05,PSEMEN,21,
UC05,PSEMEN,22,
UC05,PSEMEN,20,
UC05,PSEMEN,19,
UC05,PSEMEN,125,
UC05,PSEMEN,20,
UC05,PSEMEN,61,
UC05,PSEMEN,23,
UC05,PSEMEN,32,
UC05,PSEMEN,22,
UC05,PSEMEN,19,
UC05,PSEMEN,15,
UC05,PSEMEN,14,
UC05,PSEMEN,31,
UC05,PSEMEN,47,
UC05,PSEMEN,32,
UC05,PSEMEN,19,
UC05,PSEMEN,30,
UC05,PSEMEN,10,
UC05,PSEMEN,14,
UC05,PSEMEN,58,
UC05,PSEMEN,25,
UC05,PSEMEN,21,
UC05,PSEMEN,23,
UC05,PSEMEN,57,
UC05,PSEMEN,23,
UC05,PSEMEN,42,
UC05,PSEMEN,17,
UC05,PSEMEN,25,
UC05,PSEMEN,16,
UC05,PSEMEN,9,
UC05,PSEMEN,14,
UFR06,NA,0,
LFR06,PINPON,12,
HC03,NA,0,
HFR07,NA,0,
HFR04,NA,0,
HFR05,NA,0,
MC02,NA,0,
HFR03,NA,0,
HFR01,NA,0,
MFR04,NA,0,
MC07,NA,0,
LC05,NA,0,
HC06,NA,0,
HC05,NA,0,
LFR07,JUNOST,13,
LFR07,JUNOST,11,
LFR07,JUNOST,8,
HFR06,NA,0,
HC07,NA,0,
MC06,NA,0,
MFR02,NA,0,
LFR03,PINPON,,5
LFR03,PINPON,,2
LFR03,PINPON,,2
LFR03,PINPON,,1
LFR03,PINPON,,7
LFR03,PINPON,,3
LFR03,PINPON,,11
LFR03,PINPON,,5
LFR03,PINPON,,3
LC06,PSEMEN,85,
LC06,PSEMEN,33,
LFR05,PINPON,,3
LFR05,PINPON,,0
LFR05,PINPON,,0
LFR05,PINPON,,4
LFR05,PINPON,,0
LFR05,PINPON,,0
LFR05,PINPON,,0
LFR05,PINPON,,0
LFR05,PINPON,,0
LC03,PINPON,,8
LC03,PINPON,,4
LC03,PINPON,,0
LC03,PINPON,,0
LC03,PINPON,,0
LC03,PINPON,,4
LC03,PINPON,,0
LC03,PINPON,,0
LC03,PINPON,,0
LC03,PSEMEN,43,
UFR01,PINPON,,0
UFR01,PINPON,,4
UFR01,PINPON,,0
UFR01,PINPON,,2
UFR01,PINPON,,0
UFR01,PINPON,,2
UFR01,PINPON,,0
UFR01,PINPON,,0
UFR01,PINPON,,0
UFR01,PSEMEN,86,
UFR01,PSEMEN,50,
UFR01,PSEMEN,28,
UFR01,PSEMEN,51,
UFR01,PSEMEN,28,
UFR01,PSEMEN,58,
UFR01,PSEMEN,53,
UFR01,PSEMEN,54,
UFR01,PSEMEN,59,
UFR01,PSEMEN,31,
UFR01,PSEMEN,10,
UFR01,PSEMEN,30,
UFR01,PSEMEN,39,
UFR01,PSEMEN,119,
UFR01,PSEMEN,108,
UFR01,PSEMEN,34,
UFR01,PSEMEN,21,
UFR01,PSEMEN,24,
UFR01,PSEMEN,28,
UFR01,PSEMEN,39,
UFR01,PSEMEN,23,
UFR01,PSEMEN,38,
UFR01,PSEMEN,16,
UFR01,PSEMEN,19,
UFR01,PSEMEN,18,
UFR01,PSEMEN,29,
UFR01,PSEMEN,32,
UFR01,PSEMEN,23,
UFR01,PSEMEN,21,
UFR01,PSEMEN,46,
UC02,PSEMEN,8,
UC02,PSEMEN,12,
UC02,PSEMEN,27,
UC02,PSEMEN,18,
UC02,PSEMEN,88,
UC02,JUNOST,7,
UC02,JUNOST,24,
UC02,JUNOST,29,
UC02,JUNOST,8,
UC02,JUNOST,29,
UFR03,PSEMEN,102,
UFR03,PSEMEN,26,
UFR03,PSEMEN,82,
UFR03,PSEMEN,59,
UFR03,PSEMEN,64,
UFR03,PSEMEN,50,
UFR03,PSEMEN,55,
UFR03,PSEMEN,70,
UFR03,PSEMEN,95,
UFR03,PSEMEN,110,
UFR03,PSEMEN,89,
UFR03,PSEMEN,90,
UFR03,PSEMEN,74,
UFR03,PSEMEN,64,
UFR03,PSEMEN,129,
UFR03,PSEMEN,40,
UFR03,PSEMEN,129,
UFR03,PSEMEN,68,
UFR03,PSEMEN,30,
UFR02,PSEMEN,89,
UFR02,PSEMEN,112,
UFR02,PSEMEN,30,
UFR02,PSEMEN,121,
UFR02,PSEMEN,43,
UFR02,PSEMEN,51,
UFR02,PSEMEN,90,
UFR02,PSEMEN,74,
UFR02,PSEMEN,70,
UFR02,PSEMEN,80,
UFR02,PSEMEN,28,
HFR02,NA,0,
